RSITED,Stream,LAT,LON,P_Slope,Elev_m,DS_Conf_m,DA_ac,DA_sqkm,DA_sqmi,P_Silt_Clay,P_Sand,P_Gravel,P_Cobble,P_Boulder,P_Bedrock,P_Canopy,RVHAScore,WQTYPE,PH,COND,ALK,AL,BA,CA,CD,CL,CO,CR,CU,FE,MG,MN,SODIUM,NI,ZN,SO4,WVSCI,BIOCON,TotNum,PerEPT,EPT,PerTol,PerE,MHI,PerDom,FRICH,PerAcidTol,PerAlTol,Accentrella,Acroneuria,Agapetus,Alloperla,Ameletus,Amphinemuera,Antocha,Atherix,Baetis,Bezzia,Blepharicera,Boyeria,Brachycentrus,Caecidotea,Caenis,Calopteryx,Cambarus,Capnia,Chelifera,Cheumatopsyche,Chimarra,Chironomidae,Cinygmula,Cryptolabis,Cultus,Dannella,Dasyhelea,Dicranota,Diplectrona,Dolophilodes,Dromogomphus,Drunella,Dubiraphia,Ectopria,Epeorus,Ephemera,Ephemerella,Eurylophella,Gammarus,Gomphus,Habrophlebiodes,Hansonoperla,Haploperla,Hemerodromia,Heptagenia,Hexatoma,Hydatophylax,Hydracarina,Hydroisotoma,Hydropsyche,Hydroptila,Isonychia,Isoperla,Lepidostoma,Leuctra,Lype,Malirekus,Microcylloepus,Molophilus,Neophylax,Nigronia,Optioservus,Oulimnius,Paraleptophlebia,Paranemoura,Parapsyche,Pedicia,Peltoperla,Podura,Polycentropus,Promoresia,Prosimulium,Psephenus,Pseudolimnophila,Pseudostenophylax,Pteronarcys,Remenus,Rhabdomastix,Rhyacophilla,Serratella,Sialis,Simulium,Sminthurides,Stactobiella,Stenacron,Stenonema,Stylogomphus,Suwallia,Sweltsa,Taeniopteryx,Tallaperla,Tipula,Wormaldia,Yugus,Zealeuctra
29637,Blaney Hollow,39.70501,-79.8093,7.9,354,1378,1270.3,5.144715,1.986374462,0,0.04,0.36,0.45,0.15,0,91.04545455,159,H,7.492,256.4,76.92,0.0522,0.053,29.71,0.00224,2.72,0.002453333,0.00316,0.000786667,0.08692,6.3836,0.01536,6.6,0.00522,0.00201,35.756,70.61482469,G,13775,18.0907441,13,3.870054446,15.1215971,5.525807623,73.58257713,24,0.058076225,1.887477314,368,2,53,0,6,8,0,0,150,0,0,0,0,0,0,0,4,0,38,0,0,257,0,0,0,8,0,0,251,0,0,0,0,224,564,4,742,0,10136,0,0,0,0,0,0,2,0,0,0,4,0,0,4,0,0,0,0,25,8,0,3,128,153,0,0,0,0,0,0,29,0,0,9,0,0,0,0,0,35,0,0,0,0,0,0,1,0,0,0,0,0,2,1,0,0
30377,Hog Run,39.6875,-79.5453,0.9,610,3997,1619.5,6.558975,2.532420248,0.12,0.13,0.25,0.22,0.28,0,56.70454545,132,H,6.74,241.8,35.27,0.0242,0.057,18.724,0.00304,4.993333333,0.00232,0.00214,0.002266667,0.104,9.1484,0.1026,2.946666667,0.00738,0.002186667,68.456,73.64855272,G,2839,46.07256076,12,36.07256076,6.762944699,4.572736879,30.64459317,29,33.49771046,0.880591758,4,16,0,0,0,870,0,3,44,0,0,2,0,0,0,0,4,0,34,11,0,840,0,0,0,8,0,8,2,0,0,0,24,8,0,0,4,0,8,0,0,0,0,0,0,10,0,32,0,11,64,0,7,0,17,0,0,16,0,0,12,48,0,0,0,0,0,1,0,0,114,8,0,3,0,0,0,0,4,0,0,40,0,0,0,4,0,0,0,96,0,2,0,0,0
30585,Cherry Run lower,39.66,-79.531,1.4,569,133,3783.7,15.323985,5.916590609,0.27,0.58,0.13,0,0.02,0,2.75,82,T,6.55,169.6,9.384,0.0603,0.053666667,10.112,0.00316,17.2,0.00426,0.00272,0.002366667,0.348,3.6752,0.2454,11.16333333,0.01114,0.006533333,34.41,67.11844336,M,240,68.75,8,30.04166667,6.25,3.9,55.41666667,15,60,0.833333333,0,1,0,0,0,133,0,1,12,16,0,0,0,0,0,0,0,0,0,0,0,17,0,0,0,0,0,0,0,0,0,0,0,0,0,0,0,3,0,0,0,0,0,0,0,0,0,0,0,2,0,0,0,0,11,0,0,0,0,0,0,0,0,0,0,0,0,0,0,0,0,0,0,0,0,0,0,0,2,0,0,29,0,0,0,0,0,0,0,0,0,1,0,1,0
31225,Barnes Run,39.66806,-79.5867,1.6,534,3054,1618.2,6.55371,2.530387431,0.07,0.1,0.1,0.2,0.53,0,78.02272727,126,H,6.702,131.2,24.22,0.046,0.059333333,11.356,0.00356,10.87333333,0.00262,0.00204,0.0023,0.174,2.3912,0.0858,5.523333333,0.00758,0.00232,13.924,92.76561844,E,363,73.55371901,13,12.69972452,34.15977961,3.625344353,25.06887052,24,26.1707989,2.203856749,0,0,0,0,6,87,0,2,0,0,0,0,0,0,0,1,10,0,0,0,0,45,0,0,1,0,0,0,8,0,0,0,0,13,0,0,89,2,0,0,0,0,0,0,0,0,1,0,0,0,0,0,33,0,8,0,0,0,0,0,3,0,0,0,0,0,9,0,0,1,0,0,0,0,0,0,0,0,1,0,1,0,0,0,0,10,0,0,0,0,3,2,0,0,0
31953,Little Sandy Creek 1,39.65142,-79.573,0.8,557,3212,14445.8,58.50549,22.58896969,0.005,0.07,0.1,0.27,0.325,0.23,48.02272727,188,H,6.95,252.1052632,24.42947368,0.099184211,0.04925,13.55285714,0.001647368,8.146666667,0.004645,0.001510526,0.010125,0.214,6.755857143,0.229368421,5.586666667,0.012505263,0.0042575,66.93,83.63586359,G,635,90.23622047,11,8.677165354,81.25984252,3.437795276,79.52755906,17,4.409448819,2.677165354,52,6,0,0,0,17,0,0,453,0,0,0,0,0,1,0,2,0,0,7,0,47,0,0,0,0,0,0,0,0,0,0,0,0,0,6,0,0,0,0,0,1,0,0,0,1,0,0,0,10,0,0,0,0,11,0,0,0,0,0,2,0,0,0,0,0,0,0,0,1,0,0,0,0,0,0,0,0,1,0,1,8,0,0,0,4,0,0,1,0,0,1,0,0,0
32019,Hazel Run,39.65972,-79.6892,1.3,495,1798,3536.4,14.32242,5.529886362,0.02,0.42,0.2,0.27,0.09,0,84.88636364,131,T,6.37,68.2,9.72,0.0299,0.043666667,5.574,0.00212,2.28,0.001786667,0.00376,0.002,0.0848,1.75,0.07996,0.956666667,0.00396,0.002086667,16.502,80.98090226,G,2898,54.10628019,19,37.85714286,18.97860594,4.580400276,19.46169772,34,25.29330573,1.863354037,90,2,0,0,3,224,0,2,143,56,0,0,0,0,0,0,6,0,8,38,0,564,0,0,0,0,0,0,2,0,1,3,0,0,0,9,9,0,16,0,8,0,0,24,0,5,0,64,0,14,0,0,5,1,316,0,0,0,0,0,13,32,25,0,1,0,0,8,0,2,0,0,0,1,0,0,8,0,10,0,1,386,0,144,1,3,0,0,0,24,0,2,0,0,0
32336,Little Laurel Run,39.65295,-79.7236,3.5,465,60,4301.9,17.422695,6.72690254,0,0.14,0.17,0.46,0.2,0.03,73.88636364,154,T,6.17047619,151.3809524,5.02,0.18347619,0.0505,6.896133333,0.001442857,12.79333333,0.00427,0.001580952,0.00215,0.136919048,4.039386667,0.1258,10.31,0.011747619,0.0183,33.76428571,77.53440307,G,420,52.38095238,10,25.5,0,4.461904762,24.04761905,20,42.38095238,0.476190476,0,0,0,9,0,101,0,1,0,0,0,0,0,0,0,0,4,0,0,1,1,49,0,0,0,0,0,0,1,0,0,0,0,0,0,0,0,0,48,0,0,0,0,0,0,1,0,0,0,0,0,0,0,8,77,0,0,0,0,0,0,0,8,0,0,0,0,0,0,9,0,0,0,0,1,0,0,0,11,0,0,44,0,0,0,0,0,0,0,0,1,2,0,0,0
32517,Elk Run of Little Sandy,39.63802,-79.55,1.2,576,2014,2264.2,9.17001,3.540540861,0.01,0.35,0.31,0.2,0.13,0,79.93181818,132,T,6.5895,115.65,8.8565,0.122425,0.04775,8.122857143,0.001385,2.576666667,0.00429,0.001395,0.002325,0.228,3.292285714,0.11809,1.316666667,0.01562,0.013025,34.98,89.81589147,E,669,89.68609865,13,3.602391629,7.025411061,2.904334828,51.4200299,21,63.82660688,11.95814649,0,3,0,0,0,83,0,0,46,0,0,0,0,0,0,0,4,0,0,0,8,23,0,1,0,0,0,4,62,0,0,0,0,0,0,0,0,1,0,0,0,0,0,0,0,27,0,0,0,18,0,0,1,1,344,0,0,0,0,0,2,0,0,0,0,0,0,2,0,23,0,1,0,0,0,0,0,0,1,0,0,0,0,0,0,0,0,7,0,0,0,2,0,0,0
33486,Beaver Creek 4,39.62587,-79.5994,1.9,532,1477,7862.4,31.84272,12.29447419,0,0.15,0.12,0.4,0.28,0.05,67.5,166,T,6.4355,184.55,8.2205,0.142075,0.042,10.58928571,0.00206,2.656666667,0.230875,0.005495,0.001525,0.19695,5.334857143,0.3326,1.303333333,0.02055,0.021925,56.911,81.43317769,G,97,72.16494845,7,13.50515464,0,3.907216495,17.5257732,12,27.83505155,17.5257732,0,2,0,14,0,13,0,0,0,0,0,0,0,0,0,0,1,0,0,0,0,13,0,0,0,0,0,0,0,0,0,0,0,0,0,0,0,0,0,0,0,0,0,0,0,0,0,0,0,17,0,0,0,0,14,0,0,0,0,0,0,0,0,0,0,0,0,0,0,1,0,0,0,0,0,0,0,0,1,0,2,0,0,0,0,0,0,0,0,0,0,0,0,0,0
33707,Big Sandy Creek 1,39.59697,-79.7475,1.8,409,988,127509.6,516.41388,199.3873991,NA,NA,NA,NA,NA,NA,NA,NA,T,6.02,171.8888889,10.09666667,0.363444444,0.04325,10.54285714,0.001894444,5.273333333,0.012195,0.001033333,0.00185,0.156111111,3.929428571,0.295333333,3.416666667,0.016338889,0.0148575,49.635,80.28665279,G,523,79.3499044,12,19.52198853,69.59847036,3.961759082,65.583174,20,1.912045889,4.397705545,136,2,0,0,0,3,0,0,207,0,6,0,0,0,0,0,0,0,0,0,0,56,0,0,0,0,0,0,0,0,0,1,0,0,0,0,2,0,0,0,0,0,0,2,0,0,0,0,0,23,0,1,10,0,7,0,0,0,0,0,2,0,0,0,0,0,0,0,0,4,1,24,0,0,0,0,0,0,0,0,0,15,0,0,0,17,0,0,0,0,1,0,0,0,0
33784,Webster Run,39.62822,-79.6487,5.1,473,120,2593.1,10.502055,4.054843436,0.07,0.13,0.28,0.36,0.09,0.07,68.54545455,146,H,6.734,501,18.345,0.162475,0.04375,29.44214286,0.002385,4.183333333,0.0111,0.002705,0.0024,0.31585,15.76271429,0.48055,4.05,0.04315,0.02975,213.162,71.6,G,85,54.11764706,6,18.94117647,4.705882353,4.258823529,24.70588235,16,28.23529412,8.235294118,2,0,0,0,0,21,0,1,2,1,0,0,0,0,0,0,5,0,0,0,10,14,0,0,0,0,0,0,3,0,0,0,0,0,0,0,0,0,0,0,0,0,0,0,0,0,0,0,0,4,0,0,0,0,3,1,0,0,0,0,0,0,10,0,0,0,0,0,0,0,0,0,0,0,0,0,0,0,0,0,1,0,0,0,0,0,0,0,0,0,0,2,0,0,0
34253,Sovern Run,39.62237,-79.7048,2.7,414,48,3436.5,13.917825,5.373672233,0,0.028846154,0.25,0.240384615,0.288461538,0.192307692,81.15909091,176,A,4.888235294,280.5294118,1.114705882,2.494117647,0.04425,11.01430769,0.003452941,3.36,0.03925,0.002047059,0.0053,0.437823529,7.426953846,1.507823529,1.93,0.074352941,0.10975,105.6435294,62.4,M,156,48.71794872,6,28.91025641,17.30769231,4.673076923,28.84615385,14,30.76923077,0,0,0,0,0,0,3,0,8,4,0,0,0,0,0,0,0,0,2,0,0,0,43,0,0,0,0,0,0,0,0,0,0,0,0,0,0,7,0,0,0,0,0,0,0,0,0,0,0,0,0,0,0,0,0,43,0,0,0,0,0,1,0,0,0,0,0,0,0,0,0,0,0,0,0,0,0,0,0,0,0,1,0,0,0,0,0,0,0,0,0,0,0,0,0,0
34369,Big Sandy Creek 2,39.62205,-79.7049,2.1,283,68,132697.3,537.424065,207.4994315,NA,NA,NA,NA,NA,NA,NA,NA,T,6.751875,165.5625,14.815625,0.1398125,0.03925,10.53083333,0.00208125,5.07,0.006295,0.000875,0.002225,0.1126875,3.736166667,0.09075,3.386666667,0.01158125,0.0144625,41.2025,79,G,580,88.27586207,8,9.5,76.37931034,3.432758621,73.79310345,16,6.206896552,5.172413793,75,3,0,0,0,6,0,0,353,0,8,0,0,0,0,0,0,0,0,0,0,20,0,0,0,0,0,0,1,0,0,0,0,1,0,0,0,1,0,0,0,0,0,1,0,0,0,0,0,29,0,4,0,0,30,0,0,0,0,0,0,0,0,0,0,0,0,0,0,0,0,26,0,0,0,0,0,0,0,0,0,1,0,0,0,10,0,0,0,0,0,0,0,0,0
34443,Beaver Creek 2,39.60967,-79.5598,2.4,572,3658,3013.9,12.206295,4.7128505,0.06,0.2,0.15,0.33,0.26,0,85.38636364,162,S,6.532,51.2,4.2975,0.14215,0.04175,3.770428571,0.00157,1.843333333,0.004215,0.00152,0.002525,0.137255,0.9232,0.04199,0.79,0.00826,0.010175,11.4625,93.29815278,E,462,69.6969697,12,14.95670996,4.978354978,3.831168831,16.88311688,21,31.6017316,11.03896104,0,1,0,27,0,78,0,0,0,0,0,0,0,0,0,0,5,0,0,0,0,60,0,0,0,0,0,0,50,0,0,0,0,0,0,0,11,11,0,0,0,0,0,0,0,0,0,0,0,1,0,0,10,17,68,0,0,0,0,0,1,0,0,0,0,0,0,28,0,6,2,0,0,0,0,0,0,0,12,0,0,0,0,0,0,1,0,0,0,0,0,0,0,0,0
34779,Jump Rock Run,39.59,-79.5522,3.9,622,128,1151.8,4.66479,1.801075419,0.05,0.2,0.1,0.26,0.24,0.15,92.59090909,164,S,5.196,136.6,1.646,0.2982,0.042333333,2.5212,0.00274,1.56,0.0036,0.00172,0.001866667,0.069,0.75368,0.09636,0.383333333,0.0032,0.0112,12.49,72.4801861,G,1951,60.53305997,10,31.78370067,0.102511533,3.943618657,50.79446438,22,57.50896976,0.768836494,0,0,0,0,0,127,0,0,0,8,0,0,0,24,0,0,2,0,0,0,0,173,0,0,0,0,0,0,15,0,0,0,0,0,0,0,0,0,0,0,0,0,0,8,0,1,0,8,0,0,0,0,0,13,903,0,0,0,0,4,3,16,8,0,4,0,0,11,8,2,0,0,0,0,0,0,0,0,16,0,0,359,0,0,2,0,0,0,0,64,0,0,0,0,0
36134,Muddy Creek 4,39.57978,-79.6063,1.2,513,4700,10631.6,43.05798,16.62468608,0.01,0.085,0.245,0.445,0.175,0.04,57.90909091,152,T,6.8975,190.5,16.139,0.136725,0.045,13.27357143,0.00173,2.29,0.00575,0.001825,0.001575,0.230625,5.676857143,0.2409,1.036666667,0.016085,0.01125,62.6685,70.3,G,190,61.05263158,8,27.42105263,4.736842105,4.415789474,27.89473684,15,33.15789474,12.10526316,0,1,0,8,0,10,0,0,0,0,0,0,0,0,0,0,1,0,0,10,0,43,0,0,0,0,0,0,0,0,0,0,0,0,0,0,0,0,0,0,0,0,0,0,0,9,0,0,0,13,0,0,0,0,53,0,0,0,0,0,3,0,9,0,0,0,0,0,0,4,0,0,0,0,0,0,0,0,0,0,0,0,0,8,0,9,0,0,0,0,0,0,0,0,0
36596,Muddy Creek 1,39.5655,-79.5315,2.7,696,446,2413.3,9.773865,3.773689277,0.03,0.13,0.38,0.36,0.07,0.03,72.15909091,176,R,7.159047619,112.8095238,33.67095238,0.134261905,0.049,12.09266667,0.001457143,2.493333333,0.00416,0.000990476,0.002595,0.215095238,1.430266667,0.040509524,1.25,0.006928571,0.0017325,9.686666667,95.94382022,E,3367,76.15087615,18,6.150876151,51.23255123,3.513513514,26.43302643,32,6.029106029,7.187407187,493,10,76,68,0,175,50,8,33,20,12,0,0,0,0,0,4,0,1,129,0,162,16,0,8,0,1,3,4,0,0,0,0,3,137,0,837,0,12,0,0,2,2,0,0,10,0,0,0,109,0,36,121,0,28,1,3,0,0,42,7,174,230,0,0,0,0,0,0,17,7,0,0,0,0,3,0,0,33,53,0,1,0,0,0,19,0,33,16,0,1,1,0,0,0
37243,Muddy Creek 7,39.5438,-79.6308,2.3,442,1201,17381,70.39305,27.17875661,0,0.05,0.12,0.58,0.25,0,23.04545455,158,A,3.621904762,735.3809524,0.03952381,8.466190476,0.041,29.58733333,0.002361905,3.116666667,0.07975,0.003566667,0.01375,6.591904762,21.67466667,2.697095238,3.566666667,0.138238095,0.238,341.2661905,28.47018691,P,25,32,1,68.4,0,6.08,68,2,32,0,0,0,0,0,0,0,0,0,0,0,0,0,0,0,0,0,0,0,0,0,0,17,0,0,0,0,0,0,0,0,0,0,0,0,0,0,0,0,0,0,0,0,0,0,0,0,0,0,0,0,0,0,0,0,8,0,0,0,0,0,0,0,0,0,0,0,0,0,0,0,0,0,0,0,0,0,0,0,0,0,0,0,0,0,0,0,0,0,0,0,0,0,0,0,0
37351,L F Bull Run near mouth,39.55167,-79.7675,3.8,480,28,967.8,3.91959,1.513353699,0.03,0.12,0.35,0.5,0,0,NA,122,A,4.29,443.2,2.892,3.094,0.027666667,36.006,0.00412,2.573333333,0.026,0.0019,0.004133333,0.6204,13.4776,1.6194,1.606666667,0.0466,0.105666667,148.968,24.60630264,P,157,14.64968153,2,85.41401274,0.636942675,7.127388535,84.7133758,4,14.01273885,0,0,0,0,0,0,0,0,0,0,1,0,0,0,0,0,0,0,0,0,0,0,133,0,0,0,0,0,0,0,0,0,0,0,0,0,0,1,0,0,0,0,0,0,0,0,0,0,0,0,0,0,0,0,0,22,0,0,0,0,0,0,0,0,0,0,0,0,0,0,0,0,0,0,0,0,0,0,0,0,0,0,0,0,0,0,0,0,0,0,0,0,0,0,0,0
37957,Lick Run of Roaring Creek,39.53653,-79.5937,2.8,533,20,3337.7,13.517685,5.219178179,0.02,0.03,0.25,0.45,0.3,0,NA,186,S,5.936,63,2.334,0.32825,0.047,4.153714286,0.00167,1.94,0.00554,0.0011,0.002745,0.17975,1.215685714,0.1706,1.01,0.01059,0.0226575,15.8605,76.07791754,G,312,80.12820513,7,11.25,0.641025641,3.121794872,50.96153846,14,72.11538462,5.769230769,0,0,0,0,0,66,0,0,0,0,0,0,0,0,0,0,4,6,0,2,0,26,0,0,0,0,0,0,16,0,0,0,0,0,0,0,0,0,0,0,0,0,0,0,0,0,0,0,0,0,0,0,0,0,143,0,0,0,0,0,4,0,18,0,0,0,0,0,0,2,0,0,0,0,0,0,0,0,2,0,0,1,0,0,0,2,0,0,1,0,0,0,0,0,10
38128,Roaring Creek 1,39.52611,-79.5708,4.8,643,983,2001.5,8.106075,3.129755558,0,0.08,0.22,0.49,0.16,0.05,89.90909091,191,R,6.753333333,88,24.66666667,0.074333333,0.038333333,11.44666667,0.004333333,2.506666667,0.00288,0.0032,0.001893333,0.066766667,1.306666667,0.068183333,1.456666667,0.007066667,0.00211,10.55,94.3,E,1215,81.56378601,17,11.36625514,59.67078189,3.642798354,25.67901235,29,6.33744856,6.83127572,122,15,0,1,0,57,0,2,190,3,27,0,0,0,0,0,5,0,0,0,0,54,18,0,0,0,0,0,52,4,0,24,0,10,175,0,83,0,0,0,0,0,0,0,0,9,0,0,0,30,0,0,2,23,20,0,0,0,0,8,6,40,0,0,0,0,0,0,0,11,3,0,0,0,0,9,0,0,20,0,0,52,0,0,0,24,0,3,2,0,14,3,0,2,0
38160,Crab Orchard Run,39.53417,-79.632,3.4,422,60,1866.8,7.56054,2.919124494,0.044776119,0.059701493,0.231343284,0.373134328,0.28358209,0.007462687,88.72727273,177,H,7.476,741.6,100.85,0.0443,0.033,75.742,0.00224,2.43,0.002186667,0.00268,0.0025,0.02886,34.1176,0.03936,2.41,0.00488,0.005566667,281.056,59.79814724,M,2964,4.75708502,10,5.266531714,0.269905533,5.987854251,89.64237517,16,3.238866397,0.4048583,0,10,0,0,0,64,0,0,0,0,0,0,0,0,8,0,2,0,0,0,1,66,0,0,0,0,0,0,10,0,0,0,0,0,0,0,0,0,2657,0,0,0,0,0,0,0,0,0,0,2,0,0,0,0,32,0,0,0,0,0,7,0,0,0,0,0,0,0,0,3,0,0,0,0,1,0,0,0,2,0,0,0,0,0,0,0,0,0,0,0,0,1,0,0,0
38519,Muddy Creek 8,39.51495,-79.6442,2.4,365,649,21298.4,86.25852,33.30441457,0,0.06,0.16,0.425,0.305,0.05,72.11904762,158,A,3.893333333,902.3809524,0.09952381,8.464761905,0.04025,33.006,0.002828571,2.886666667,0.0795,0.003990476,0.0182,5.000666667,22.01733333,2.306714286,3.033333333,0.140285714,0.304,392.492381,57.60942761,M,6,33.33333333,2,18.33333333,0,4,16.66666667,6,0,0,0,0,0,0,0,0,0,0,0,1,0,0,0,0,0,0,0,0,0,0,1,0,0,0,0,0,0,0,0,0,0,0,0,0,0,0,0,0,0,0,0,0,0,0,0,0,0,0,0,0,0,0,0,0,0,0,0,0,0,0,0,1,0,0,0,0,0,0,0,1,0,0,0,0,0,0,0,0,0,0,1,0,0,0,0,0,0,0,0,0,0,0,0,0,0
39165,N F Greens Run 1,39.5099,-79.6933,1.9,547,3733,1977.2,8.00766,3.091757526,0.01,0.07,0.18,0.55,0.19,0,83.84090909,165,A,4.096842105,152.0526316,0.112631579,2.584210526,0.04575,6.279692308,0.001826316,6.033333333,0.02725,0.001394737,0.005075,0.261,2.143261538,0.882,1.903333333,0.028610526,0.068,51.08684211,67.3,M,751,96.13848202,4,3.075898802,0,2.213049268,56.72436751,7,95.60585885,0.399467377,0,0,0,0,0,426,0,0,0,8,0,0,0,0,0,0,0,0,0,0,0,13,0,0,0,0,2,0,3,0,0,0,0,0,0,0,0,0,0,0,0,0,0,0,0,0,0,0,0,0,0,0,0,1,292,0,0,0,0,0,6,0,0,0,0,0,0,0,0,0,0,0,0,0,0,0,0,0,0,0,0,0,0,0,0,0,0,0,0,0,0,0,0,0,0
39470,Roaring Creek 3,39.505,-79.64,5.2,358,40,9802.5,39.700125,15.32821826,0.02,0.15,0.21,0.4,0.22,0,73.86363636,145,T,6.816190476,213.6190476,15.68666667,0.133714286,0.054,17.574,0.003166667,2.463333333,0.005225,0.00317619,0.002095,0.117904762,5.215733333,0.118380952,1.136666667,0.013171429,0.008825,66.6452381,81.4,G,150,74,11,19.4,40.66666667,3.92,38.66666667,19,12.66666667,3.333333333,3,2,0,12,1,17,0,0,55,0,0,0,0,0,0,0,0,0,0,0,0,25,2,0,0,0,0,0,0,0,0,0,0,0,0,0,0,0,0,0,0,0,0,0,0,0,0,0,0,5,0,0,0,1,2,0,0,0,0,0,3,5,0,0,0,0,0,0,0,10,0,0,0,0,0,1,0,0,0,0,0,0,0,0,0,0,0,0,0,0,0,1,0,0,0
40083,Daugherty Run 1,39.49685,-79.5758,4.4,645,105,2808.9,11.376045,4.392290975,0.08,0.05,0.22,0.3,0.25,0.1,NA,146,R,6.997647059,82.05882353,15.15352941,0.145647059,0.0705,5.182363636,0.001570588,2.783333333,0.004035,0.0012,0.003565,0.128647059,1.749854545,0.017752941,2.196666667,0.007741176,0.0065575,10.17882353,98.07381776,E,1278,84.27230047,17,6.737089202,68.07511737,3.498435055,22.61345853,29,3.442879499,5.399061033,147,13,0,3,0,20,3,0,107,0,4,0,0,0,0,0,9,0,2,10,1,70,34,0,1,0,0,8,46,0,0,123,0,8,197,0,137,0,3,1,0,6,0,0,0,4,0,0,0,13,0,2,1,10,24,0,0,0,0,0,7,5,60,0,0,0,0,0,0,13,2,2,0,0,0,6,0,2,34,29,0,9,0,0,0,41,0,4,0,0,2,1,0,0,0
40756,S F Greens Run,39.48333,-79.6758,3.5,473,48,1258.9,5.098545,1.968548225,0,0.1,0.3,0.45,0.1,0.05,NA,107,A,2.88,853.75,0,16.995,0.034,39.2175,0.0046,10.15333333,0.061666667,0.007325,0.032,26.51,12.3935,1.8635,8.086666667,0.10375,0.233333333,329.1975,19.7,P,10,10,1,91,0,7.5,90,2,0,0,0,0,0,0,0,0,0,0,0,0,0,0,0,0,0,0,0,0,0,0,0,9,0,0,0,0,0,0,0,0,0,0,0,0,0,0,0,0,0,0,0,0,0,0,0,0,0,0,0,0,0,0,0,0,0,0,0,0,0,0,0,0,0,0,0,0,0,0,0,0,0,0,0,0,0,0,0,0,1,0,0,0,0,0,0,0,0,0,0,0,0,0,0,0,0
41890,UNT Morgan Run,39.46,-79.6869,3.9,483,389,1106.5,4.481325,1.730239583,0,0.158879,0.373832,0.280374,0.18691,0,NA,111,H,6.93,346.2,86.172,0.0421,0.037333333,36.3,0.00356,34.83333333,0.002453333,0.00178,0.007866667,0.122,5.1524,0.1026,19.30666667,0.00544,0.003633333,35.728,58.8,M,175,34.28571429,8,55.48571429,2.285714286,5.594285714,39.42857143,20,25.71428571,4,0,0,0,0,1,45,1,0,1,0,0,0,0,0,0,1,1,0,0,0,0,69,0,0,0,0,26,0,0,0,0,0,0,0,0,0,0,0,0,0,0,0,0,0,0,0,0,0,0,7,0,0,0,0,0,0,0,0,0,0,1,0,0,0,0,0,0,0,0,2,0,0,0,0,0,0,1,0,0,0,0,0,0,0,0,0,0,0,0,0,0,1,0,0,0
42021,Buffalo Run/Buffalo Run lower,39.445,-79.655,0.5,369,76,4678.2,18.94671,7.315324731,0,0.13,0.3,0.5,0.07,0,NA,151,T,6.89,405.6666667,20.91666667,0.008,0.04,33.21666667,0.003,1.433333333,0.006066667,0.0025,0.0016,0.089666667,13.9,0.696666667,1.066666667,0.015233333,0.015233333,110.5533333,69.6213864,M,358,80.72625698,8,17.34636872,0,3.189944134,70.39106145,13,74.02234637,2.234636872,0,0,0,3,0,13,0,0,0,0,0,0,0,0,0,0,1,44,0,1,0,62,0,0,0,0,0,0,5,0,0,0,0,0,0,0,0,0,0,0,0,0,0,0,0,0,0,0,0,2,0,0,0,1,206,0,0,0,0,0,2,0,0,0,0,0,0,2,0,9,0,0,0,0,0,0,0,0,1,0,0,0,0,0,0,0,0,0,0,0,0,3,0,0,2
43386,Lick Run of Cheat River (West),39.42682,-79.6877,4.2,383,40,3148.1,12.749805,4.922699711,0,0.07,0.23,0.47,0.21,0.02,87.86538462,160,A,2.74,1390.133333,0,30.14933333,0.03125,23.59485714,0.002994,2.403333333,0.15225,0.013733333,0.0405,52.39266667,16.72608571,1.454466667,1.97,0.232666667,0.40975,669.1933333,14.1563147,P,16,0,0,100.625,0,8,100,1,0,0,0,0,0,0,0,0,0,0,0,0,0,0,0,0,0,0,0,0,0,0,0,16,0,0,0,0,0,0,0,0,0,0,0,0,0,0,0,0,0,0,0,0,0,0,0,0,0,0,0,0,0,0,0,0,0,0,0,0,0,0,0,0,0,0,0,0,0,0,0,0,0,0,0,0,0,0,0,0,0,0,0,0,0,0,0,0,0,0,0,0,0,0,0,0,0
43645,Joes Run near mouth,39.42417,-79.6856,6.2,393,69,1572.6,6.36903,2.459082483,0.1,0.05,0.3,0.5,0.05,0,NA,141,H,6.544,355,35.774,0.0358,0.053333333,32.992,0.00192,1.436666667,0.004033333,0.00202,0.007966667,0.02596,12.7644,0.2216,1.286666667,0.01742,0.006343333,113.182,66.9,M,437,60.86956522,7,30.4576659,17.84897025,4.375286041,29.5194508,14,40.73226545,0.915331808,17,0,0,0,0,103,0,0,61,0,0,0,0,0,0,0,3,0,0,0,0,129,0,0,0,0,0,0,0,0,0,0,0,0,0,0,0,0,26,0,0,0,0,0,0,0,0,0,0,4,0,0,0,2,75,0,0,0,0,0,0,0,0,0,0,0,0,0,0,1,0,0,0,0,0,0,0,0,3,0,0,0,0,0,0,0,0,0,0,0,0,8,0,0,0
43882,Pringle Run ,39.41639,-79.6889,3.7,398,108,6324.4,25.61382,9.889495902,0,0.05,0.2,0.33,0.41,0.01,85.13636364,157,A,3.794,438.8,1.8,5.146,0.033333333,28.672,0.00322,3.476666667,0.029,0.00248,0.009666667,0.97,6.9376,0.9256,3.21,0.0468,0.050633333,116.118,20.84382596,P,124,0,0,85.56451613,0,6.919354839,78.22580645,6,0,0,0,0,0,0,0,0,0,0,0,9,0,0,0,0,0,0,0,0,0,0,0,97,0,0,0,0,0,0,0,0,0,0,0,0,0,0,0,0,0,0,0,0,0,0,0,0,0,8,0,0,0,0,0,0,0,0,0,0,0,0,1,0,0,0,0,0,0,0,0,0,0,0,0,0,0,0,0,0,0,0,1,0,0,0,0,0,0,0,0,0,0,0,0,0,0
46881,Saltlick Creek,39.3518,-79.6629,1.3,425,503,22218.1,89.983305,34.74255406,0.01,0.015,0.295,0.275,0.225,0.18,50.02272727,162,R,7.063333333,83,19.03666667,0.03075,0.052333333,7.274333333,0.001816667,2.653333333,0.00196,0.0015,0.00216,0.041066667,2.182733333,0.0121,2.22,0.006266667,0.003476667,11.73833333,73.5024325,G,5050,44.61386139,16,31.8039604,33.18811881,4.642376238,31.28712871,28,0.99009901,3.089108911,721,12,0,0,0,10,55,0,16,1,0,0,0,0,0,0,0,0,20,48,4,1580,64,0,0,8,0,0,1,117,0,77,1,0,97,1,388,3,0,0,0,0,5,2,0,5,0,290,0,107,0,33,0,0,40,0,0,0,0,0,0,263,36,12,0,0,0,0,0,19,0,0,507,0,0,0,0,0,1,40,0,9,0,0,1,56,2,0,1,0,0,0,0,0,0
56357,Glade Run NF Blackwater,39.19458,-79.5109,2.4,936,2797,452.7,1.833435,0.707889254,0.04,0.3,0.53,0.13,0,0,10.06818182,145,T,6.906666667,80.66666667,16.11333333,0.168666667,0.020333333,8.356666667,0.003,5.21,0.00202,0.002133333,0.001786667,0.196666667,1.14,0.081333333,3.176666667,0.003266667,0.0102,10.71333333,66.34510587,M,651,43.77880184,9,41.64362519,20.58371736,5.771121352,24.57757296,18,11.67434716,7.834101382,0,0,0,0,0,65,1,0,9,0,0,0,0,1,0,1,3,0,0,0,0,102,0,0,0,0,0,0,3,0,0,0,0,0,0,0,0,2,0,0,0,0,2,0,0,23,0,0,0,45,0,0,0,0,2,0,0,0,0,0,1,0,65,0,0,0,0,0,0,0,0,0,0,0,0,0,0,0,5,0,0,9,0,0,2,15,0,0,0,16,0,0,0,0,0
58626,Maxwell Run,39.16827,-79.615,3.9,512,124,2506.7,10.152135,3.919739324,0.02,0.03,0.35,0.3,0.2,0.1,NA,189,R,6.865,78.16666667,12.66333333,0.068833333,0.041666667,5.072666667,0.0017,2.766666667,0.001753333,0.001116667,0.001193333,0.060766667,1.5604,0.050133333,2.226666667,0.008583333,0.002193333,8.498333333,92.08543827,E,1975,76.35443038,18,19.04303797,40.25316456,3.764050633,17.26582278,30,18.98734177,1.113924051,160,0,0,1,0,167,1,1,62,1,4,0,0,0,0,0,2,0,5,3,0,341,185,0,0,0,0,1,19,223,0,11,0,0,113,1,248,0,0,0,0,0,2,1,0,0,0,16,0,0,0,0,21,2,208,0,3,0,0,5,0,8,47,0,0,0,0,29,0,3,0,0,0,0,0,12,0,0,7,0,0,18,0,0,0,0,0,0,0,8,0,1,0,0,0
58900,Horseshoe Run Coon Hollow,39.15512,-79.6592,1.6,492,1122,34810.9,140.984145,54.43397838,0.02,0.08,0.67,0.2,0.03,0,NA,156,T,6.851666667,70,11.07333333,0.079416667,0.023,3.538,0.0018,1.893333333,0.001653333,0.001633333,0.001726667,0.109833333,1.416533333,0.0923,1.7,0.004816667,0.003426667,7.5,96.5254902,E,1682,91.79548157,15,6.724137931,79.78596908,3.33293698,25.26753864,23,2.318668252,2.734839477,231,14,0,0,0,8,1,0,139,0,0,0,1,0,0,0,0,0,11,26,0,102,167,0,0,0,0,0,0,66,0,170,0,0,156,0,229,0,0,0,0,0,9,0,0,0,0,8,0,20,8,114,0,0,31,0,0,0,0,0,3,0,2,11,0,0,0,8,0,0,0,0,0,0,0,1,0,0,0,26,0,9,0,0,0,19,0,0,0,0,0,0,0,0,0
59745,Yellow Creek,39.14503,-79.4259,2,957,273,1418.8,5.74614,2.218584654,0,0.17,0.21,0.22,0.19,0.21,11.25,157,S,4.12,78.66666667,0.08,0.223333333,0.023,0.556666667,0.003,0.67,0.002393333,0.0025,0.00516,0.21,0.253333333,0.054666667,0.206666667,0.003533333,0.01021,4.643333333,65.48605618,M,1770,65.42372881,7,32.83050847,0.169491525,3.790960452,62.71186441,17,62.76836158,0.451977401,0,0,0,0,1,1,8,1,0,0,0,0,0,0,0,0,3,0,0,0,0,87,0,0,0,1,0,0,8,0,0,0,0,0,0,0,0,1,0,0,0,0,0,0,0,0,0,8,0,0,0,0,0,0,1064,0,0,0,0,0,9,0,0,0,0,0,0,0,0,0,0,0,0,0,0,0,0,0,4,0,1,461,0,0,0,0,0,0,0,32,0,0,0,0,0
59912,Right Fork Clover Run,39.1469,-79.7279,1.6,507,1231,4548.2,18.42021,7.112043081,0.03,0.02,0.15,0.2,0.2,0.4,NA,148,R,6.88,121.667,18.9833,0.0065,0.0189,7.3333,0.003,4.67,0.00182,0.0022,0.0015933,0.0401,1.82667,0.0063667,4.34333,0.002833,0.00297667,7.06333,94.54856463,E,1508,75.19893899,16,14.86074271,43.96551724,3.658488064,18.16976127,26,4.111405836,0.729442971,142,19,0,27,0,26,0,0,101,1,0,0,0,0,0,0,2,0,4,3,0,211,101,0,0,0,0,0,4,274,0,33,0,0,49,0,118,0,0,0,0,0,21,0,0,0,0,38,0,4,18,4,3,0,36,0,0,0,0,0,0,3,76,0,0,0,0,0,0,1,0,0,18,5,0,0,0,0,16,0,0,11,0,0,0,0,0,0,0,0,1,1,0,0,0
59929,Synder Run,39.14139,-79.5125,1.9,882,68,3081.3,12.479265,4.818244217,0,0.089820359,0.239520958,0.269461078,0.209580838,0.191616766,39.86363636,138,T,5.983333333,136.3333333,25.42666667,0.109666667,0.030666667,12.39,0.003,4.72,0.011253333,0.0022,0.00266,0.276666667,2.463333333,0.044,3.67,0.003266667,0.003343333,11.77666667,69.88579138,M,963,41.32917965,9,34.27829699,18.8992731,4.33748702,29.49117342,22,15.88785047,0.31152648,144,1,0,0,16,51,11,0,4,0,0,1,0,0,0,0,6,0,45,0,0,284,0,0,0,0,0,0,0,48,0,0,0,0,4,0,0,0,2,0,0,0,0,0,0,0,0,105,0,3,0,0,0,0,99,0,0,0,0,0,2,8,45,0,0,0,1,0,0,0,0,0,0,0,0,0,0,0,11,0,0,28,8,0,0,8,0,0,0,0,0,0,0,0,0
62631,Big Run of Blackwater,39.10889,-79.5709,13.5,954,901,1613.9,6.536295,2.5236635,0,0.22,0.11,0.41,0.26,0,58.88636364,169,S,3.846666667,95.33333333,0,0.433333333,0.014666667,0.893333333,0.003,3.63,0.002526667,0.002466667,0.005526667,0.226666667,0.473333333,0.043666667,2.296666667,0.003366667,0.105066667,7.943333333,84.7080292,G,7168,91.796875,10,6.363002232,1.869419643,2.437639509,80.2734375,20,88.79743304,0,0,0,1,24,24,5753,0,0,0,9,0,0,8,0,0,0,6,0,100,0,0,275,0,0,0,0,0,0,0,0,0,0,0,0,71,0,0,23,0,0,0,0,5,0,0,0,0,8,16,0,0,0,0,0,528,0,0,0,0,23,0,0,0,0,0,0,0,0,1,0,0,22,0,0,0,0,0,1,20,16,0,80,0,0,0,0,0,0,0,0,0,0,0,0,1
74175,Hog Run of Panther Camp,38.95444,-79.5989,6.2,772,60,465.6,1.88568,0.728061048,0,0.05,0.15,0.6,0.2,0,NA,175,S,6.8,81.33333333,3.846666667,0.0065,0.018333333,1.876666667,0.003,0.5,0.001913333,0.002266667,0.002126667,0.016533333,0.813333333,0.018066667,0.516666667,0.0023,0.00441,4.503333333,92.42354235,E,2445,60.20449898,19,10.47443763,41.96319018,4.273210634,23.47648262,30,2.494887526,3.680981595,1,0,0,0,0,24,1,0,97,13,0,0,8,0,0,0,9,0,11,17,0,185,167,0,0,0,0,0,59,5,0,111,0,0,369,2,139,0,532,0,0,0,0,0,11,5,0,8,8,11,0,0,3,1,37,0,26,0,0,16,0,0,131,0,0,0,0,8,0,1,0,0,0,0,0,89,0,0,108,0,0,1,0,0,0,5,0,0,26,0,0,10,0,0,0
78772,Tory Camp Run,38.89306,-79.5483,9,763,20,1388.6,5.62383,2.171360763,0.45,0.1,0.1,0.3,0.05,0,NA,111,R,7.186666667,78,13.40666667,0.024333333,0.031,6.496666667,0.003,0.5,0.002373333,0.002466667,0.00196,0.067766667,1.04,0.005533333,0.576666667,0.003333333,0.003276667,5.76,83.92707071,G,2980,82.2147651,15,15.20469799,61.34228188,3.668120805,52.91946309,25,12.7852349,0.973154362,0,0,0,0,6,113,0,1,104,1,0,0,0,0,0,0,0,0,18,1,0,403,16,1,0,0,0,6,25,8,0,89,0,0,1549,0,30,0,9,0,0,0,0,0,0,1,0,0,0,1,0,0,16,0,232,0,27,0,3,73,0,10,16,0,0,1,0,0,0,0,0,0,0,0,0,32,0,0,24,0,0,10,8,0,0,0,0,0,10,0,0,4,8,4,0
83775,Glady Fork ,38.82262,-79.7008,0.6,869,1034,13527.4,54.78597,21.15286302,0,0.05,0.25,0.6,0.1,0,NA,181,R,6.72,91.66666667,10.82666667,0.0065,0.025,4.77,0.003,1.346666667,0.001913333,0.0023,0.001593333,0.048,0.866666667,0.006933333,1.176666667,0.0016,0.00201,4.836666667,90.30145151,E,1435,69.26829268,14,19.17073171,46.62020906,4.111498258,19.86062718,26,4.320557491,4.111498258,148,37,12,0,0,0,12,0,137,0,0,0,24,0,0,0,7,0,8,40,0,262,0,0,0,0,0,0,1,97,1,104,0,0,119,6,52,0,0,0,0,0,0,0,0,0,0,8,0,17,0,44,0,0,62,0,16,0,0,0,10,57,0,0,0,0,0,0,0,1,0,0,29,0,0,0,0,0,17,4,0,0,0,0,0,23,0,0,0,0,0,1,0,0,0
85802,Lower Two Springs,38.79861,-79.5439,7.4,895,134,904.7,3.664035,1.414683914,0,0.05,0.3,0.5,0.15,0,NA,166,R,7.073333333,65,6.97,0.0065,0.037333333,2.796666667,0.003,0.5,0.00232,0.002333333,0.001326667,0.0023,1.153333333,0.0028,0.73,0.0016,0.004276667,6.83,86.20684508,E,3077,57.62105947,14,4.943126422,53.81865453,4.38121547,40.72148196,21,0.747481313,1.722456939,43,2,0,0,0,21,12,0,244,0,0,0,0,0,0,0,10,0,1,0,0,143,174,0,0,0,0,0,49,0,0,24,0,0,1036,0,52,0,1126,0,0,0,0,0,35,1,2,0,0,4,0,0,1,0,2,0,9,0,0,0,0,0,1,0,0,0,0,0,0,0,0,0,0,0,0,3,0,0,17,0,0,9,0,0,0,0,0,0,6,1,0,1,0,0,0
88019,Fall Run of Gandy,38.7675,-79.5664,18.6,948,46,217.9,0.882495,0.34073132,0,0.05,0.25,0.6,0.1,0,NA,179,R,7.24,45.33333333,5.753333333,0.064333333,0.057333333,2.603333333,0.003,0.5,0.002113333,0.002033333,0.002093333,0.0882,0.986666667,0.010933333,0.73,0.0033,0.00281,6.943333333,82.48291817,G,2517,47.0003973,15,6.400476758,32.77711561,4.568136671,44.77552642,26,6.992451331,0.317838697,0,0,0,0,104,140,1,0,4,3,1,0,0,0,0,0,0,0,24,0,0,156,24,0,0,0,0,3,0,1,0,0,0,0,480,0,195,0,1127,0,0,0,0,0,0,0,0,8,0,0,0,0,17,11,34,0,46,0,0,4,0,0,0,2,0,8,0,0,0,0,0,0,0,0,0,0,0,0,82,0,0,0,0,0,0,0,1,0,5,0,0,0,1,0,0
89583,Five Lick Run,38.7425,-79.6856,1.9,971,224,2544.6,10.30563,3.979003743,0.1,0.04,0.48,0.19,0.11,0.07,NA,166,R,7.23,159.5,77.2275,0.029875,0.025666667,28.4525,0.002525,0.946666667,0.002653333,0.003975,0.00506,0.029275,1.841,0.0079,1.146666667,0.00565,0.00351,6.7175,95.02141421,E,3265,72.00612557,17,9.773353752,53.56814701,3.539356815,26.98315467,28,10.16845329,2.052067381,841,18,0,0,0,188,11,0,40,0,25,0,0,0,0,0,10,0,24,19,6,225,151,0,0,0,0,0,1,72,0,22,0,0,324,0,40,0,0,8,4,1,1,0,0,9,0,56,0,47,16,9,2,0,144,0,1,0,0,20,47,213,209,0,0,0,0,1,0,0,0,0,0,0,0,1,0,0,62,95,0,58,0,0,0,23,0,2,0,0,0,8,0,0,0
361942,Muddy Creek 6,39.55148,-79.6313,1.2,470,116,12343,49.98915,19.30081082,0.02,0.12,0.22,0.43,0.185,0.025,45.13095238,161,T,5.358571429,312.7619048,5.233809524,1.410714286,0.04575,18.236,0.001804762,2.543333333,0.01245,0.002242857,0.0031,0.391619048,9.281066667,0.336904762,1.41,0.038085714,0.0345,122.2442857,50.4,P,35,37.14285714,4,31.71428571,2.857142857,5.028571429,31.42857143,9,25.71428571,2.857142857,0,0,0,0,0,0,8,0,0,0,0,0,0,0,0,0,1,0,0,0,0,11,0,0,0,0,0,0,0,0,0,0,0,0,0,1,0,0,1,0,0,0,0,0,0,0,0,0,0,1,0,0,0,0,9,0,0,0,0,0,0,1,0,0,0,0,0,0,0,2,0,0,0,0,0,0,0,0,0,0,0,0,0,0,0,0,0,0,0,0,0,0,0,0,0
397042,N F Greens Run 4,39.4915,-79.6678,1.9,464,270,3376.8,13.67604,5.280319044,0,0.188118812,0.247524752,0.405940594,0.158415842,0,61.29545455,148,A,6.281,188.9,13.3825,0.2538,0.036333333,11.79357143,0.0021,3.743333333,0.0112,0.001683333,0.002933333,0.1498,5.325142857,0.34845,2.346666667,0.01998,0.0309,66.44,60.6,M,100,60,6,36.1,1,4.6,34,12,42,8,0,0,0,0,0,8,0,0,0,16,0,0,0,0,0,0,2,0,0,0,0,19,0,0,0,0,0,0,8,0,0,0,0,0,0,1,0,0,0,0,0,0,0,0,0,0,0,0,0,0,0,0,0,0,34,0,0,0,0,0,0,0,0,0,0,0,0,0,0,8,0,0,0,0,0,0,0,0,1,0,0,1,0,0,0,0,0,0,0,0,0,0,0,0,0
